formatted_date,portfolio_price
2010-09-09,-3.3685225785032658
2010-09-10,0.7402646674211377
2010-09-13,0.870826169866031
2010-09-14,1.9256724613585021
2010-09-15,1.9248373403325587
2010-09-16,4.183216403565122
2010-09-17,2.5523821253101486
2010-09-20,2.4198406131030312
2010-09-21,0.42504307655090273
2010-09-22,0.3536273489669751
2010-09-23,-3.6815574497084573
2010-09-24,1.0291785437339385
2010-09-27,1.1720593376964408
2010-09-28,-1.5047129353936224
2010-09-29,1.6142604233617133
2010-09-30,2.986988873462638
2010-10-01,0.20883531547374734
2010-10-04,-2.582949896176763
2010-10-05,2.2367837011745824
2010-10-06,-1.2505747693521376
2010-10-07,-1.8065678880690228
2010-10-08,0.4684180159653119
2010-10-11,1.494024391070688
2010-10-12,-0.2634648144021169
2010-10-13,1.2564203149060649
2010-10-14,1.487419947790409
2010-10-15,-0.7621648957401937
2010-10-18,1.2191976114497638
2010-10-19,-7.148468655627947
2010-10-20,-1.2368487878419678
2010-10-21,3.8861717379228478
2010-10-22,1.7697294699864934
2010-10-25,2.3547996263855993
2010-10-26,1.25038579210949
2010-10-27,-0.2261652482412962
2010-10-28,2.5266267852325517
2010-10-29,1.9155930551561715
2010-11-01,6.48773997653328
2010-11-02,2.00683878026338
2010-11-03,-0.6537670106445072
2010-11-04,2.356801578394041
2010-11-05,0.06430515374811971
2010-11-08,0.48284312326017964
2010-11-09,1.802310730307106
2010-11-10,0.26615960971469155
2010-11-11,0.26743688952666234
2010-11-12,-1.7299524009921947
2010-11-15,-0.9597196009154207
2010-11-16,-9.327363193021888
2010-11-17,2.3562099331707964
2010-11-18,0.5234726592668814
2010-11-19,1.5608541220270633
2010-11-22,2.889467129826502
2010-11-23,2.6644775215780556
2010-11-24,11.524082008779589
2010-11-26,0.4877737151783412
2010-11-29,0.17646410078759978
2010-11-30,1.0158708050341831
2010-12-01,10.295503621268914
2010-12-02,1.8773908145173888
2010-12-03,2.768007739540992
2010-12-06,2.460238918917624
2010-12-07,-0.5601267314600219
2010-12-08,0.7039354469418962
2010-12-09,1.1435681418273262
2010-12-10,6.744814112116904
2010-12-13,0.9490156389441397
2010-12-14,1.5823355418389196
2010-12-15,0.3028870707498062
2010-12-16,0.5397216882766736
2010-12-17,3.4469219003486082
2010-12-20,-3.0410991863618486
2010-12-21,-0.37796561666440653
2010-12-22,-1.050490001651867
2010-12-23,-0.2894484118938486
2010-12-27,-0.5009421715808853
2010-12-28,1.661266422126353
2010-12-29,-1.5521948868792177
2010-12-30,0.11977290699590025
2010-12-31,-4.539634656141787
2011-01-03,-2.155197714228173
2011-01-04,-1.758988269049444
2011-01-05,1.418117527441251
2011-01-06,-2.2348739627797105
2011-01-07,-1.540545140259422
2011-01-10,-1.6287443845668321
2011-01-11,0.047154595618146104
2011-01-12,-0.6522488065953982
2011-01-13,-1.993972924149173
2011-01-14,1.0256312391191387
2011-01-18,0.3260278978159099
2011-01-19,-0.2956145986285044
2011-01-20,-2.9220036047817954
2011-01-21,-6.145492671465607
2011-01-24,2.225792934294736
2011-01-25,-0.1403532786555313
2011-01-26,-0.1395882638752529
2011-01-27,-0.6682843156928514
2011-01-28,-0.6394950096754007
2011-01-31,-2.8289088468132273
2011-02-01,-1.7296654733681631
2011-02-02,-2.288964998831993
2011-02-03,-0.03065329683637806
2011-02-04,-0.9066325099539523
2011-02-07,-1.301239143259883
2011-02-08,-1.8509358139857581
2011-02-09,-0.10752450867478286
2011-02-10,-0.8648327890065086
2011-02-11,-1.5971131152430085
2011-02-14,-0.2929021283695413
2011-02-15,-2.312462446934838
2011-02-16,-0.5951355968466517
2011-02-17,-2.7011055097330137
2011-02-18,-0.4407612403684616
2011-02-22,0.26919762587923196
2011-02-23,-2.167408900278526
2011-02-24,-2.3222020503281047
2011-02-25,3.021081284768573
2011-02-28,-3.2896934361327768
2011-03-01,-1.9160934913225574
2011-03-02,-1.6116771784120225
2011-03-03,10.164199448786999
2011-03-04,-2.012997643880053
2011-03-07,-1.5965572092888765
2011-03-08,5.758204280619903
2011-03-09,-1.4786355125566255
2011-03-10,-4.092576176565442
2011-03-11,3.1271274226953123
2011-03-14,0.4183057588815291
2011-03-15,-0.09489560106154467
2011-03-16,-1.8128081011961243
2011-03-17,-1.6649009684624625
2011-03-18,-0.9093126254690709
2011-03-21,1.2536100961729282
2011-03-22,-0.5673490194395215
2011-03-23,-1.4201949138123084
2011-03-24,1.7337229680363788
2011-03-25,1.6437618947402144
2011-03-28,-1.6284847167675693
2011-03-29,-2.5253208626612254
2011-03-30,-0.31173418949121395
2011-03-31,-1.5648188319646312
2011-04-01,-3.9340703731657105
2011-04-04,-0.2729348487119155
2011-04-05,-1.7792524963637009
2011-04-06,-0.01992306561466368
2011-04-07,-2.783478196006982
2011-04-08,-2.1342478530202174
2011-04-11,-0.016819028089720186
2011-04-12,-2.1737473791171196
2011-04-13,1.431475411193025
2011-04-14,-0.39234385149157447
2011-04-15,-2.815112659237628
2011-04-18,-3.086473499899312
2011-04-19,-2.642366613343473
2011-04-20,-0.6353644981493666
2011-04-21,-3.2072494208725533
2011-04-25,-1.457542707216226
2011-04-26,-0.9577127945606445
2011-04-27,-4.93125824719674
2011-04-28,-1.6786576725816746
2011-04-29,-0.5549117419903397
2011-05-02,-2.912742352210697
2011-05-03,-1.2975417788921513
2011-05-04,-2.4140424426431615
2011-05-05,-6.275982658232826
2011-05-06,-3.694782828279548
2011-05-09,-1.1114798095677256
2011-05-10,-3.9410380832938925
2011-05-11,-1.3267794191366575
2011-05-12,-1.5481023418164506
2011-05-13,-1.860350153911395
2011-05-16,-3.5707517082009232
2011-05-17,-0.8085423544965636
2011-05-18,2.3742345018707383
2011-05-19,-1.09831400894061
2011-05-20,0.689801208725622
2011-05-23,-3.3565161475522887
2011-05-24,-1.293198367101576
2011-05-25,0.3720123557684693
2011-05-26,0.7626949575271303
2011-05-27,-2.6995598726177
2011-05-31,-0.24205439032605713
2011-06-01,4.869027019634781
2011-06-02,-1.8483477287528254
2011-06-03,-8.802627703091693
2011-06-06,-0.11291067796181714
2011-06-07,-3.6602859184456533
2011-06-08,-3.702563296236926
2011-06-09,-0.6953644142794682
2011-06-10,-0.3851756356250582
2011-06-13,-0.8038966998099419
2011-06-14,7.762410268942985
2011-06-15,-2.7298799942617458
2011-06-16,-2.890168407359191
2011-06-17,-1.3224609094673578
2011-06-20,2.2657394252117244
2011-06-21,-1.2994212681628194
2011-06-22,-0.39012504341637344
2011-06-23,2.405007014177655
2011-06-24,0.5675898980914168
2011-06-27,-0.48308145639231864
2011-06-28,-0.026769200152251038
2011-06-29,0.029927209193968445
2011-06-30,-0.9726232801001147
2011-07-01,-0.8991407598442318
2011-07-05,-1.593558908065131
2011-07-06,0.6696057225066786
2011-07-07,7.71213946746478
2011-07-08,-0.1164909489247753
2011-07-11,-2.495342814304068
2011-07-12,-1.8257763076926017
2011-07-13,-3.3597806978678935
2011-07-14,-0.5936893643442575
2011-07-15,-0.15443404263832503
2011-07-18,-0.9472474833237733
2011-07-19,-0.9984595481030055
2011-07-20,-0.6913806581870283
2011-07-21,-0.8160437462508349
2011-07-22,-1.1765468426453753
2011-07-25,-3.902373620257663
2011-07-26,-2.848796540382691
2011-07-27,-3.4457842600339297
2011-07-28,-3.0803284983213306
2011-07-29,-0.23885707408552403
2011-08-01,-0.866401498506582
2011-08-02,-2.1043134925056517
2011-08-03,0.27825284151310553
2011-08-04,0.05410759415371751
2011-08-05,-6.858359762781436
2011-08-08,-17.971282923323812
2011-08-09,-2.5996946132733876
2011-08-10,-4.642730431463268
2011-08-11,1.0751034202509597
2011-08-12,-0.7307783060813835
2011-08-15,-2.407783184155534
2011-08-16,-2.1871516547656022
2011-08-17,-1.02636558841711
2011-08-18,-0.9531938809813928
2011-08-19,-1.8690204373188337
2011-08-22,-1.024019519894367
2011-08-23,0.5339674622516072
2011-08-24,0.137006262474565
2011-08-25,3.0220497513810165
2011-08-26,-2.816195549155477
2011-08-29,-0.3250416256817125
2011-08-30,0.5315586533480973
2011-08-31,-1.6429335805978347
2011-09-01,-0.5696341849336184
2011-09-02,3.6652090649747797
2011-09-06,-1.8322265656118553
2011-09-07,-1.2613910296763327
2011-09-08,6.019606603780347
2011-09-09,-1.1951815299138457
2011-09-12,-7.673854058476371
2011-09-13,-0.14497289202250035
2011-09-14,2.020358565722904
2011-09-15,-1.24861437214418
2011-09-16,-0.9031340436585976
2011-09-19,2.623681494914779
2011-09-20,-0.8424771036854631
2011-09-21,-4.777379958606198
2011-09-22,1.4030289063816261
2011-09-23,-1.1064412598105677
2011-09-26,-3.0121344822913936
2011-09-27,-2.1951220922629457
2011-09-28,3.714138041400047
2011-09-29,-10.34630915771221
2011-09-30,-1.5909845252129364
2011-10-03,-1.5097703505844684
2011-10-04,-2.8368944687287265
2011-10-05,1.6004218995325707
2011-10-06,5.0322871604091155
2011-10-07,4.977603388146707
2011-10-10,3.2952701655319734
2011-10-11,0.7578734755217176
2011-10-12,-0.8422269744465695
2011-10-13,0.287561196145977
2011-10-14,-2.1386108501672982
2011-10-17,-0.1415702034601491
2011-10-18,-1.0275186256625943
2011-10-19,-9.776090310763651
2011-10-20,-1.8549199044214275
2011-10-21,1.508421685653814
2011-10-24,-1.1732896701429978
2011-10-25,6.057132565919304
2011-10-26,2.629804643778789
2011-10-27,-1.7294726636726239
2011-10-28,-0.6419798288303976
2011-10-31,-4.090782377751005
2011-11-01,-1.9577621495750923
2011-11-02,9.679028835545147
2011-11-03,3.866830029717177
2011-11-04,-0.763192431058937
2011-11-07,-1.8608214528699913
2011-11-08,-5.094993351417072
2011-11-09,1.7820687989873363
2011-11-10,1.8659660794292239
2011-11-11,-2.4840500277481357
2011-11-14,-0.853747074575465
2011-11-15,-3.344006571827121
2011-11-16,-0.22571317439543542
2011-11-17,-1.1290103773657498
2011-11-18,-0.32699845386695814
2011-11-21,-1.2006873809494856
2011-11-22,-0.6688649575554071
2011-11-23,-0.06955129146000502
2011-11-25,-0.4299407776242939
2011-11-28,1.176833684673901
2011-11-29,1.2370434689907885
2011-11-30,3.4521478523016897
2011-12-01,4.078716197910284
2011-12-02,0.4946304456459167
2011-12-05,-2.3588803357641326
2011-12-06,-0.5492731900311042
2011-12-07,1.0152922795259272
2011-12-08,-2.6819620107398823
2011-12-09,0.08225825091634993
2011-12-12,0.38469128194594593
2011-12-13,-0.6830415042860598
2011-12-14,-1.9602790287111453
2011-12-15,0.1300588456679139
2011-12-16,0.71967674259835
2011-12-19,-0.236156139387661
2011-12-20,0.09975551175931403
2011-12-21,3.05253329632128
2011-12-22,-0.7065026167814829
2011-12-23,-0.31527031237289255
2011-12-27,0.21657681715593938
2011-12-28,-2.4427542443272703
2011-12-29,-0.627550162234446
2011-12-30,-2.5182290070869935
2012-01-03,0.33812332660728406
2012-01-04,0.04684235443845868
2012-01-05,4.360618282004585
2012-01-06,-0.05391638512975236
2012-01-09,0.0010415773248311608
2012-01-10,-1.4958987902521748
2012-01-11,-0.9840547832909048
2012-01-12,-0.8410272986378716
2012-01-13,0.3434754377903138
2012-01-17,-2.358820435015823
2012-01-18,-1.2844127571813948
2012-01-19,-1.2033039220794388
2012-01-20,-0.845557359622438
2012-01-23,-0.13891938545791302
2012-01-24,0.8673240898074751
2012-01-25,-0.1123767667377063
2012-01-26,-0.3009708706917561
2012-01-27,1.5070134828273034
2012-01-30,0.22805820615013395
2012-01-31,0.2291630295628554
2012-02-01,-0.7478684221239084
2012-02-02,0.14197455594656078
2012-02-03,-0.12212323520112538
2012-02-06,-0.21164938784315396
2012-02-07,-0.9994308229403217
2012-02-08,-0.9943056426577396
2012-02-09,-0.1136402134480384
2012-02-10,-1.0437772303148267
2012-02-13,-0.4201121279473405
2012-02-14,-1.6562114645275317
2012-02-15,-2.596343946459799
2012-02-16,-0.6347427440495895
2012-02-17,-1.156586313903703
2012-02-21,-3.5892679557507496
2012-02-22,-0.3991182288039358
2012-02-23,0.14994389002331476
2012-02-24,-0.34035530048831253
2012-02-27,0.43326043008651693
2012-02-28,1.7638137073032054
2012-02-29,-2.9251916564749596
2012-03-01,-2.4780741552880396
2012-03-02,-2.181466800761044
2012-03-05,0.18690529604857956
2012-03-06,-0.48886233826190223
2012-03-07,0.9740429811708329
2012-03-08,1.5764842263299206
2012-03-09,-0.713166817209795
2012-03-12,0.7953387800149925
2012-03-13,1.828374434755444
2012-03-14,0.09763377326246957
2012-03-15,4.752873159589196
2012-03-16,-0.16939740133856504
2012-03-19,-0.7684210465923459
2012-03-20,-1.4875234332699787
2012-03-21,-0.8558125489201613
2012-03-22,1.2173329055704905
2012-03-23,2.4722761563462283
2012-03-26,-0.7505333518731133
2012-03-27,-0.7988030711323951
2012-03-28,0.02749010145964278
2012-03-29,0.7483821739388014
2012-03-30,-0.46175485549039214
2012-04-02,2.173159076976596
2012-04-03,-0.45885405594203105
2012-04-04,0.543894208175828
2012-04-05,0.5573440468739336
2012-04-09,0.7581081712466284
2012-04-10,-0.0873893538950598
2012-04-11,-1.6452630417588414
2012-04-12,2.8647830980925764
2012-04-13,-1.0214615802461104
2012-04-16,0.25635901187530274
2012-04-17,-0.5774609381760467
2012-04-18,3.020056793940933
2012-04-19,-0.6883582438290788
2012-04-20,0.6201744432135768
2012-04-23,-0.4974914744839609
2012-04-24,0.765932484563604
2012-04-25,-1.8565577752792166
2012-04-26,-0.721050130960704
2012-04-27,0.40655007345295957
2012-04-30,0.8755719858435912
2012-05-01,-7.352723060257617
2012-05-02,0.31108835227660225
2012-05-03,-2.855623510580298
2012-05-04,-1.0159059206543322
2012-05-07,-1.0837102533264056
2012-05-08,1.4442668773379528
2012-05-09,-0.8645006463679423
2012-05-10,0.49374948533225604
2012-05-11,0.07780956154468449
2012-05-14,-2.5102702766423977
2012-05-15,-2.2452649205000803
2012-05-16,-0.7682285631516745
2012-05-17,-11.318792069777341
2012-05-18,2.4131707874592925
2012-05-21,2.1962235959639056
2012-05-22,-0.8344493754281469
2012-05-23,5.618983513688273
2012-05-24,2.014110724942374
2012-05-25,-0.6588802042342645
2012-05-29,0.36551553765224937
2012-05-30,-1.7067244476434242
2012-05-31,-3.3512280680436484
2012-06-01,-0.8035459723119778
2012-06-04,3.2306238489890995
2012-06-05,-1.65272840051119
2012-06-06,1.491224687177734
2012-06-07,1.4015242420604512
2012-06-08,-2.0363392784344327
2012-06-11,1.451873849821012
2012-06-12,-1.4847675153954765
2012-06-13,-0.7554480343198685
2012-06-14,-4.018006023257714
2012-06-15,-0.6266086498836041
2012-06-18,-0.6285462857343267
2012-06-19,-0.8240337346393665
2012-06-20,-0.5948542759274462
2012-06-21,-0.4675118755745493
2012-06-22,-0.18909811063076712
2012-06-25,-1.3170090388479851
2012-06-26,-0.016981710037968886
2012-06-27,-0.6838069073442218
2012-06-28,-0.5063896796828127
2012-06-29,0.2690136010696292
2012-07-02,1.6182187847625455
2012-07-03,-1.1926487739183127
2012-07-05,-1.5121897712824042
2012-07-06,-0.9947884277724851
2012-07-09,0.7226214432159208
2012-07-10,0.13362752511202178
2012-07-11,-0.9385558057386043
2012-07-12,-1.4842976904334029
2012-07-13,0.2758656927858494
2012-07-16,1.4959362868164188
2012-07-17,-0.42106544122070494
2012-07-18,-0.6067969617283007
2012-07-19,-0.8124884912248402
2012-07-20,-0.9315979894001467
2012-07-23,-0.19597870824096714
2012-07-24,-0.6988756079873358
2012-07-25,-0.15431759485729132
2012-07-26,-0.33701179253850727
2012-07-27,0.7817116818563163
2012-07-30,-1.247762861539769
2012-07-31,0.42507731747153016
2012-08-01,0.020449320316270964
2012-08-02,-1.1412902016446558
2012-08-03,0.2199569115608614
2012-08-06,-0.7635964057580861
2012-08-07,0.04558191926845515
2012-08-08,0.499201217625309
2012-08-09,0.3827875711462392
2012-08-10,1.2184161272537988
2012-08-13,2.220329680051287
2012-08-14,-1.9748802803694603
2012-08-15,1.2265179063549525
2012-08-16,0.592306619997172
2012-08-17,0.4714449213727562
2012-08-20,-0.02256341669242321
2012-08-21,1.290427651435974
2012-08-22,-0.5994010127954068
2012-08-23,1.5118387033422134
2012-08-24,-0.3342618254267156
2012-08-27,-2.7093105103350155
2012-08-28,-0.3878401794940271
2012-08-29,2.5358561726102438
2012-08-30,0.35620199273307357
2012-08-31,0.4559715581351132
2012-09-04,0.3055672562313224
2012-09-05,0.3556929013824984
2012-09-06,0.6010012754897576
2012-09-07,-0.5331025276293211
2012-09-10,0.11736080425698205
2012-09-11,0.3889492066640169
2012-09-12,0.5494203919816849
2012-09-13,-0.244907115114146
2012-09-14,-0.3809784443819367
2012-09-17,-0.06605934936649262
2012-09-18,-0.5041204317103266
2012-09-19,-0.09741939147194703
2012-09-20,-0.6071514761381689
2012-09-21,0.5232508122599854
2012-09-24,-0.3301103335288153
2012-09-25,-8.270312836694503
2012-09-26,0.4075516551347795
2012-09-27,1.4197331632467936
2012-09-28,-1.5368929217545262
2012-10-01,0.40698322397624287
2012-10-02,0.2984298455817703
2012-10-03,-3.8155779916154904
2012-10-04,-0.08420352164529188
2012-10-05,-0.21438237561336063
2012-10-08,-1.7872175460145014
2012-10-09,-2.271571927806946
2012-10-10,0.9589163656454381
2012-10-11,-0.7435226472620363
2012-10-12,1.4222337993942802
2012-10-15,0.19407530102259074
2012-10-16,0.8057422813411758
2012-10-17,-0.4414514800582038
2012-10-18,-0.13077149433683158
2012-10-19,-0.594066545866946
2012-10-22,1.5092748666923224
2012-10-23,-0.09976604920722827
2012-10-24,-1.0397477558900534
2012-10-25,-0.47783168651928615
2012-10-26,0.8164068128865442
2012-10-31,1.106616893750952
2012-11-01,2.53147898197309
2012-11-02,-2.0077194588821627
2012-11-05,0.5590514324129813
2012-11-06,0.5786955088384758
2012-11-07,0.24822229208260238
2012-11-08,-0.31555847019208744
2012-11-09,-0.7963058117267053
2012-11-12,-0.6870978099951884
2012-11-13,-0.8660003812610847
2012-11-14,-0.85947128893639
2012-11-15,0.9240591815805039
2012-11-16,0.05861694064719101
2012-11-19,1.9150612327999175
2012-11-20,0.833498798394749
2012-11-21,0.455509833172267
2012-11-23,-0.5474566298312895
2012-11-26,-1.0735658537162018
2012-11-27,0.2646009093639969
2012-11-28,-1.199349367810066
2012-11-29,0.592596935892267
2012-11-30,-1.9403040318413383
2012-12-03,-1.2319929725366712
2012-12-04,0.5151434338861699
2012-12-05,0.16888968064249746
2012-12-06,0.226449328742793
2012-12-07,-0.09524659357162125
2012-12-10,1.055869782110882
2012-12-11,-0.3170550656538711
2012-12-12,0.13297901926318537
2012-12-13,-1.0657745188445749
2012-12-14,0.058586217602348924
2012-12-17,1.9661838764193924
2012-12-18,-0.98035289179774
2012-12-19,-0.6900556780077467
2012-12-20,-0.0012474142286173224
2012-12-21,0.5411974845777452
2012-12-24,0.2886864645943534
2012-12-26,-0.12257965405088832
2012-12-27,1.5393503285516268
2012-12-28,-1.9676705111047228
2012-12-31,-1.0899198808084922
2013-01-02,4.001924377519513
2013-01-03,-0.5801833869697722
2013-01-04,0.5144739511360079
2013-01-07,-0.4371173313368696
2013-01-08,-0.6308432625959387
2013-01-09,-0.5299073894186844
2013-01-10,-1.2693510574596392
2013-01-11,-0.6087901386713195
2013-01-14,-0.2401616513952455
2013-01-15,-1.059200482849193
2013-01-16,-0.045263386076658925
2013-01-17,-0.563151415374147
2013-01-18,0.1551989395868453
2013-01-22,0.1618160462261827
2013-01-23,-0.23145874184077836
2013-01-24,-0.2535871836033579
2013-01-25,0.8193715794806686
2013-01-28,-0.32765857841026136
2013-01-29,-0.5072265523545265
2013-01-30,-0.24428975126104754
2013-01-31,-0.25287547225125656
2013-02-01,-0.08887105329899023
2013-02-04,-2.4364990887965488
2013-02-05,0.6551665509482909
2013-02-06,-0.2066467600425314
2013-02-07,-0.9913545316445632
2013-02-08,0.9010806446859998
2013-02-11,-1.3979267520787446
2013-02-12,-0.2711034856520671
2013-02-13,1.0567787838840308
2013-02-14,-0.6867582894782325
2013-02-15,-0.4224160451552486
2013-02-19,-0.03368836965702841
2013-02-20,-0.8135201745740578
2013-02-21,0.21582191901164918
2013-02-22,1.038521557224919
2013-02-25,-0.9751440334999096
2013-02-26,0.07068715789267943
2013-02-27,-0.834172618820047
2013-02-28,-1.0909666281372123
2013-03-01,-1.700411141676788
2013-03-04,-0.8822106832980081
2013-03-05,0.16534824201504156
2013-03-06,0.2670250882893957
2013-03-07,0.11647675654106122
2013-03-08,-0.064236441159723
2013-03-11,0.12265745553873442
2013-03-12,0.06796975951455884
2013-03-13,0.4273015524189921
2013-03-14,0.6691718608309714
2013-03-15,-1.4026489040544523
2013-03-18,-0.5102878471747749
2013-03-19,-1.1315445409261249
2013-03-20,-0.13359473513259856
2013-03-21,-0.03213130228864617
2013-03-22,-0.7074895643134188
2013-03-25,-0.08378914425992344
2013-03-26,2.0607675358531945
2013-03-27,0.41966481727982924
2013-03-28,-1.1335262575305654
2013-04-01,-0.25803504920703185
2013-04-02,1.8436657928805824
2013-04-03,-2.013193673864661
2013-04-04,1.1457658650507636
2013-04-05,0.4288585251273163
2013-04-08,-1.0512274506728911
2013-04-09,-1.222877622340951
2013-04-10,-1.2553590038837241
2013-04-11,0.6358667243355924
2013-04-12,-0.801257106080321
2013-04-15,0.3756017951292347
2013-04-16,-0.35495709810003295
2013-04-17,2.608029446726821
2013-04-18,-1.4026117232566522
2013-04-19,-0.9454283019891994
2013-04-22,2.7612203391322794
2013-04-23,0.8653975056344527
2013-04-24,-1.612427701964647
2013-04-25,-1.8974104357692905
2013-04-26,0.41739616578901395
2013-04-29,0.0770446274827005
2013-04-30,0.9147130402310042
2013-05-01,-0.1628269564116838
2013-05-02,-0.1974019889345281
2013-05-03,-3.1946329539750433
2013-05-06,-1.3832243568492117
2013-05-07,0.7634335351292691
2013-05-08,-0.733142018885016
2013-05-09,-0.6391460040479847
2013-05-10,0.1273219236700101
2013-05-13,-0.15971036059047278
2013-05-14,-1.9014556573140249
2013-05-15,-0.580542044261037
2013-05-16,-0.4543048435816434
2013-05-17,-1.2481291261219323
2013-05-20,-0.6612279839499954
2013-05-21,-1.463597495780207
2013-05-22,-8.983230620342217
2013-05-23,-0.24836649815501297
2013-05-24,-0.37263555880108534
2013-05-28,0.9658196963361365
2013-05-29,-0.5906451752829114
2013-05-30,0.00048585317938246695
2013-05-31,-1.4339934110379813
2013-06-03,-1.2565464017659709
2013-06-04,-0.9388240688822742
2013-06-05,-3.890064532503496
2013-06-06,1.508048134690348
2013-06-07,0.9438503580764589
2013-06-10,0.8768641533925837
2013-06-11,0.8514310568398525
2013-06-12,-0.36082229488592865
2013-06-13,-0.15506708266488162
2013-06-14,1.8209546155833418
2013-06-17,-0.8287124482706931
2013-06-18,0.45436503786747345
2013-06-19,-1.888404184436718
2013-06-20,-2.5826383327428046
2013-06-21,-0.5349039578899423
2013-06-24,-3.467449288547732
2013-06-25,-0.18614265900441515
2013-06-26,0.11617709958561438
2013-06-27,-0.07636883375584516
2013-06-28,-1.270303560397228
2013-07-01,-2.325235866118156
2013-07-02,-0.4769894116530813
2013-07-03,1.7895253604826344
2013-07-05,-0.20302718636438624
2013-07-08,-0.9429529047230221
2013-07-09,-1.7123122477251416
2013-07-10,-0.41561335862825216
2013-07-11,0.26303838928253376
2013-07-12,-1.144772676225863
2013-07-15,-0.3535954880777666
2013-07-16,-1.681678993927384
2013-07-17,-1.251884524349277
2013-07-18,-1.0124583223243357
2013-07-19,-0.6525239293360253
2013-07-22,-0.5572467938751942
2013-07-23,-0.47007210388459886
2013-07-24,-0.4707122061494184
2013-07-25,0.2271422167215139
2013-07-26,-0.5038913154925586
2013-07-29,-1.8177137979354359
2013-07-30,-0.8620777146241257
2013-07-31,-0.30009094746722
2013-08-01,-1.9021447758173993
2013-08-02,-1.4659019538368827
2013-08-05,-0.8005420000154324
2013-08-06,-0.841790685367365
2013-08-07,-0.7828252744902792
2013-08-08,-1.3333275482664675
2013-08-09,0.5908785882168489
2013-08-12,-1.792827475751142
2013-08-13,-1.2081553121230293
2013-08-14,-0.3297716706017166
2013-08-15,-2.795349365114144
2013-08-16,-1.2744066050940146
2013-08-19,-4.83149676929979
2013-08-20,-0.10045310112934934
2013-08-21,-3.7579135740338137
2013-08-22,0.14415571609390393
2013-08-23,-0.501305252482049
2013-08-26,-0.0725978228424593
2013-08-27,-0.8765866542810743
2013-08-28,-0.12515722350968037
2013-08-29,0.9499226715402784
2013-08-30,-0.8811084824933444
2013-09-03,0.4260349619382396
2013-09-04,-0.9591345593291515
2013-09-05,-0.19818803100219548
2013-09-06,-2.1452006460975896
2013-09-09,-0.1565752658481491
2013-09-10,-1.0551792851517179
2013-09-11,-0.47801026731007085
2013-09-12,-1.125372815115435
2013-09-13,-0.22508020241239782
2013-09-16,-0.9561395465139906
2013-09-17,-0.002043959415840533
2013-09-18,-1.6926907589119757
2013-09-19,-1.6296138354533793
2013-09-20,-0.30159685140426723
2013-09-23,-0.7075709060343683
2013-09-24,-2.474770066916116
2013-09-25,-1.4517372787193845
2013-09-26,0.444043262756145
2013-09-27,0.1350720150708231
2013-09-30,-1.3094032997713412
2013-10-01,-0.8978332490584617
2013-10-02,-1.2430350260300258
2013-10-03,-0.27449614675806555
2013-10-04,-2.7256571609852167
2013-10-07,-1.3206128700284177
2013-10-08,-1.087476628045696
2013-10-09,0.5512214298679717
2013-10-10,0.16625098443957598
2013-10-11,-0.6886333450757787
2013-10-14,-0.32145953603285904
2013-10-15,-0.4875599070923175
2013-10-16,-1.3379977910713068
2013-10-17,-0.2969389483071965
2013-10-18,1.3199357333489181
2013-10-21,0.015852828326879696
2013-10-22,-0.3984157343343092
2013-10-23,-1.405713896664537
2013-10-24,-0.8335119989295987
2013-10-25,-1.0209417607428506
2013-10-28,1.994057717642477
2013-10-29,-0.6861639903442852
2013-10-30,0.16313618672509514
2013-10-31,0.10903853190263157
2013-11-01,-1.0468222899908748
2013-11-04,-1.6662790320372411
2013-11-05,-1.30718951757112
2013-11-06,-2.20127767557293
2013-11-07,0.7602159663070823
2013-11-08,0.9370423861359141
2013-11-11,-0.6829110024089046
2013-11-12,-1.783019877289661
2013-11-13,-2.578390718196731
2013-11-14,-0.5593416689100545
2013-11-15,-0.8499680461261135
2013-11-18,0.15019551353057967
2013-11-19,-1.3274226613801525
2013-11-20,1.320095887676222
2013-11-21,-2.8932195878661946
2013-11-22,-0.1514853245902135
2013-11-25,0.14527749606443568
2013-11-26,0.015598264003708187
2013-11-27,-0.4392835359575654
2013-11-29,0.5819466994783622
2013-12-02,-0.23959547949990004
2013-12-03,0.7706499856840563
2013-12-04,-1.1838334759565858
2013-12-05,0.4050851435774152
2013-12-06,0.9279665608805857
2013-12-09,0.2792170925008153
2013-12-10,-0.03364169880979759
2013-12-11,-1.7036166047139534
2013-12-12,-1.6672568326621635
2013-12-13,-0.5697090716165696
2013-12-16,-0.6117230847448304
2013-12-17,-1.3633634891272526
2013-12-18,1.5089947056152992
2013-12-19,-0.8927269558187741
2013-12-20,0.9884337492575793
2013-12-23,-0.5138283849546298
2013-12-24,1.6782174296124106
2013-12-26,-0.9858641046912712
2013-12-27,-0.9180165058267704
2013-12-30,0.667420927749743
2013-12-31,-2.5809497334150397
2014-01-02,-0.681788684135872
2014-01-03,0.3559436022398317
2014-01-06,-0.5302672540746041
2014-01-07,0.5244555151880924
2014-01-08,1.2856881949672136
2014-01-09,-0.6664429719568783
2014-01-10,1.013053397580386
2014-01-13,1.7158031787179087
2014-01-14,-0.06802664847890633
2014-01-15,0.05759880008824747
2014-01-16,0.9058081000456059
2014-01-17,0.6204332841622691
2014-01-21,0.8163358952266345
2014-01-22,-1.214939545491039
2014-01-23,-1.9175790142836615
2014-01-24,-1.0086362990101716
2014-01-27,-1.6790075449363402
2014-01-28,-0.8004475176556102
2014-01-29,-0.35778433965417167
2014-01-30,-0.6964351420653151
2014-01-31,1.215616582877835
2014-02-03,-1.7022901060645304
2014-02-04,-0.6054604428772151
2014-02-05,-0.6143842608922985
2014-02-06,0.6052266965982913
2014-02-07,-1.5101047224015587
2014-02-10,-0.29601446671549997
2014-02-11,-1.7928992011446554
2014-02-12,2.0546553593703782
2014-02-13,-0.6092706699382453
2014-02-14,0.36073534450014555
2014-02-18,-0.15009148252568433
2014-02-19,-0.9774139967366737
2014-02-20,0.47137273487860815
2014-02-21,-0.48021917258968094
2014-02-24,-0.37335224413517387
2014-02-25,0.6332789477097922
2014-02-26,-0.5510813368140562
2014-02-27,-0.8807502996824258
2014-02-28,-3.828893003108884
2014-03-03,-0.2168905163095773
2014-03-04,1.8615174221874462
2014-03-05,0.7654209396084399
2014-03-06,-0.8965119466163646
2014-03-07,-2.301698565603272
2014-03-10,0.07419192150136822
2014-03-11,-0.3065325665974811
2014-03-12,-1.96409313759412
2014-03-13,0.48400227412031344
2014-03-14,-0.47041366055709755
2014-03-17,-0.8024737874278357
2014-03-18,1.0492399584792438
2014-03-19,-3.5270302961764948
2014-03-20,0.047032259590612795
2014-03-21,-1.3449463700846185
2014-03-24,-0.39455993248768173
2014-03-25,-2.129113015183467
2014-03-26,3.268887924206192
2014-03-27,0.3496503673697502
2014-03-28,-1.1977041904903651
2014-03-31,0.7925916842695404
2014-04-01,-0.5710582742579007
2014-04-02,2.14857962368156
2014-04-03,1.700353349851726
2014-04-04,-0.8297724683861859
2014-04-07,-1.5363908120395482
2014-04-08,-1.4065097441523133
2014-04-09,-3.388473834643837
2014-04-10,1.506503531219682
2014-04-11,1.0758529755625557
2014-04-14,-2.570843131696141
2014-04-15,-0.21976021122907094
2014-04-16,-1.1160056253034194
2014-04-17,-0.2319279726150026
2014-04-21,-0.4863629819057136
2014-04-22,-1.7969472440403362
2014-04-23,0.9245528566377113
2014-04-24,-1.0518679777122533
2014-04-25,-0.5449068049498264
2014-04-28,0.43957785684176137
2014-04-29,-0.6759562327829673
2014-04-30,-0.2844288774347028
2014-05-01,4.7620655158734975
2014-05-02,-0.3556138652362656
2014-05-05,-1.2732106464128674
2014-05-06,0.08225823187502034
2014-05-07,-1.6368027208198155
2014-05-08,-1.5846732925029494
2014-05-09,-1.008746793146808
2014-05-12,-1.5530871937823658
2014-05-13,-0.9501808837226029
2014-05-14,-1.2003300554494374
2014-05-15,1.1209852140953813
2014-05-16,0.8169969701928228
2014-05-19,-3.3347058284403013
2014-05-20,-1.6599737923571867
2014-05-21,1.1612916580458033
2014-05-22,-1.5063379462671884
2014-05-23,-1.1671875865471912
2014-05-27,-0.7934961125964102
2014-05-28,0.41696425667157083
2014-05-29,-0.8058804809234895
2014-05-30,-2.8261736174602907
2014-06-02,0.6628121831396971
2014-06-03,-1.7136763414030132
2014-06-04,-0.004960934046508992
2014-06-05,-0.027788443123449164
2014-06-06,0.5639121745984306
2014-06-09,-1.4880950176236227
2014-06-10,-1.6605127601478578
2014-06-11,-1.357697319853863
2014-06-12,0.6740646378353348
2014-06-13,-1.4225017111680767
2014-06-16,-0.7054927331396332
2014-06-17,-0.5545365840490785
2014-06-18,0.10816755166660072
2014-06-19,-0.3706330975625105
2014-06-20,-0.9125654425976357
2014-06-23,-0.10376689239016226
2014-06-24,-0.5392450147123522
2014-06-25,0.5292017070238598
2014-06-26,0.2253501689483718
2014-06-27,-2.996912162339159
2014-06-30,-2.424502928564801
2014-07-01,-3.4943802759917135
2014-07-02,-2.4019592577922433
2014-07-03,0.6468913630790056
2014-07-07,0.6792536842654966
2014-07-08,-0.36112072708564474
2014-07-09,0.300896725803775
2014-07-10,-0.2968672031089644
2014-07-11,0.19272942565194057
2014-07-14,-1.5505158782063415
2014-07-15,-0.6032080228050299
2014-07-16,-0.29201988011191093
2014-07-17,0.633542388624994
2014-07-18,0.7229228766546203
2014-07-21,0.4297101509117959
2014-07-22,-0.7528218551753985
2014-07-23,-0.7906905895133322
2014-07-24,0.528389874428789
2014-07-25,1.5060756251717606
2014-07-28,-0.7221459845880414
2014-07-29,-0.25025526033399
2014-07-30,0.0529632322352658
2014-07-31,-1.1945747132342195
2014-08-01,0.534491530433575
2014-08-04,-1.227353805878292
2014-08-05,-1.4274084502159858
2014-08-06,0.004020886679785834
2014-08-07,-0.21471876962105968
2014-08-08,-1.4672986130985386
2014-08-11,-1.353693233543957
2014-08-12,-3.4804193670152497
2014-08-13,-0.43344631112618726
2014-08-14,-0.8524722538867155
2014-08-15,-0.961440972843695
2014-08-18,-0.1327526323768812
2014-08-19,-0.2616370786545633
2014-08-20,-2.530580423777005
2014-08-21,-0.4747674253233507
2014-08-22,0.5073037995076105
2014-08-25,-1.4700735739998652
2014-08-26,-1.406067975228049
2014-08-27,-1.4062916614741272
2014-08-28,-0.32933941389472854
2014-08-29,-0.7196366429800611
2014-09-02,-0.3841281170424714
2014-09-03,-1.958016694384038
2014-09-04,-0.3109883767933115
2014-09-05,-0.9816111819871797
2014-09-08,-0.10341593728305555
2014-09-09,-1.3397022612588119
2014-09-10,-1.6387759651051863
2014-09-11,-1.3336574890477335
2014-09-12,-1.3893800274826384
2014-09-15,0.7779126295000135
2014-09-16,-1.428648387263798
2014-09-17,0.25336524374783576
2014-09-18,-1.1330022057524562
2014-09-19,-2.2240795378707636
2014-09-22,-2.6522467467829416
2014-09-23,0.6152840063601034
2014-09-24,-1.2242992761643081
2014-09-25,-0.7847533229708923
2014-09-26,0.30224760563239766
2014-09-29,-1.5732410533123296
2014-09-30,-0.47992143121463887
2014-10-01,-0.8354106559241886
2014-10-02,-0.9167730071787263
2014-10-03,-0.4475739796519112
2014-10-06,-2.845459453107594
2014-10-07,0.8059713313239422
2014-10-08,-0.6828676370440925
2014-10-09,-0.5137996635120416
2014-10-10,-1.0701448191076486
2014-10-13,-1.8675669128318495
2014-10-14,-2.80415092324607
2014-10-15,0.4140291271149936
2014-10-16,1.6890134997992436
2014-10-17,-1.0750970424440447
2014-10-20,0.5138666740837989
2014-10-21,-0.10579186952968654
2014-10-22,-1.8918286917309872
2014-10-23,0.6508762411466722
2014-10-24,-0.7783310936538798
2014-10-27,-0.8519123653957492
2014-10-28,-1.2724568056920569
2014-10-29,-0.2375197474135544
2014-10-30,-1.3582235088637582
2014-10-31,-0.4424041080038774
2014-11-03,-1.4945402164117
2014-11-04,-0.4433653544653633
2014-11-05,-1.025645897524335
2014-11-06,-1.9160463670881849
2014-11-07,0.020343705229060805
2014-11-10,-2.571421999517275
2014-11-11,0.6612054994012858
2014-11-12,-0.32686937088777757
2014-11-13,-1.8508460881083073
2014-11-14,-0.9699435833359216
2014-11-17,-0.17322134448128837
2014-11-18,-0.21986145815821143
2014-11-19,-0.541996851862404
2014-11-20,-2.1342985867202695
2014-11-21,-1.6688301146104991
2014-11-24,-3.443104050860306
2014-11-25,-0.44856664226700127
2014-11-26,-0.30416464624216516
2014-11-28,4.397553443020694
2014-12-01,-2.804168241534626
2014-12-02,-0.8994137860919368
2014-12-03,0.45936568325516014
2014-12-04,-2.0232931989602094
2014-12-05,0.6286936994679256
2014-12-08,-1.8758928690022587
2014-12-09,1.181712084523453
2014-12-10,-1.1292272284676694
2014-12-11,-2.1174652077915685
2014-12-12,0.49662794750525174
2014-12-15,2.432709720794927
2014-12-16,-5.812059939852653
2014-12-17,0.5812260159978087
2014-12-18,-0.7352193566082758
2014-12-19,-2.8637117999422292
2014-12-22,1.475640785752201
2014-12-23,-1.4164316763585045
2014-12-24,-0.6366932647926284
2014-12-26,-0.7309934887156675
2014-12-29,0.5942102300513077
2014-12-30,-0.20999337976335655
2014-12-31,-1.6224725645243678
2015-01-02,-0.8937882962520529
2015-01-05,-1.1620259556351316
2015-01-06,0.5594990617979475
2015-01-07,-1.3109637583892388
2015-01-08,0.051368483180533206
2015-01-09,0.889999639440451
2015-01-12,-1.1367381415223357
2015-01-13,-1.3586409731946079
2015-01-14,0.7262295118247624
2015-01-15,-1.9628595963533821
2015-01-16,-0.37304726730732946
2015-01-20,-0.4685881213017702
2015-01-21,-1.3403932099598717
2015-01-22,1.0027225504581494
2015-01-23,2.747011484810578
2015-01-26,1.6079426479814953
2015-01-27,0.2039360482112338
2015-01-28,0.8387984344605783
2015-01-29,-1.5159156157383673
2015-01-30,0.2794975904895647
2015-02-02,-0.908322982615608
2015-02-03,-0.5258846779972116
2015-02-04,3.3214058703193023
2015-02-05,0.2310404655955139
2015-02-06,-0.9079122018372436
2015-02-09,-0.9262967913660611
2015-02-10,0.5704779859727259
2015-02-11,-1.74765753757569
2015-02-12,0.2974732779494051
2015-02-13,-1.3331010613978826
2015-02-17,2.4033061086262206
2015-02-18,-1.938828760022284
2015-02-19,0.625195127118933
2015-02-20,-0.6414773975833143
2015-02-23,-0.4390976411427343
2015-02-24,0.24513801399477025
2015-02-25,1.3373543920948407
2015-02-26,1.132584908797539
2015-02-27,2.709807880264177
2015-03-02,0.6190150852373473
2015-03-03,-1.156873961439005
2015-03-04,0.5607912979115554
2015-03-05,-0.07271237817017122
2015-03-06,-0.5103299594117394
2015-03-09,0.05523393582330499
2015-03-10,-0.14660465578524054
2015-03-11,-2.1046762479414
2015-03-12,-0.4981232214261617
2015-03-13,1.701145951682454
2015-03-16,-1.1804441621584831
2015-03-17,1.2691087868354605
2015-03-18,0.3582260170880265
2015-03-19,-0.14332938637830783
2015-03-20,2.209076593357618
2015-03-23,-0.31333432054639127
2015-03-24,-0.4879243056480627
2015-03-25,0.04652697573190533
2015-03-26,0.702641673489917
2015-03-27,-0.2975854197111489
2015-03-30,-0.47124233087562184
2015-03-31,0.18555550018405556
2015-04-01,2.3544564420159815
2015-04-02,-0.4455597281211972
2015-04-06,-1.2597197702681204
2015-04-07,-1.075039973745786
2015-04-08,-1.1612280619042623
2015-04-09,-2.099030164450359
2015-04-10,-0.2286743187107012
2015-04-13,0.5363650388356462
2015-04-14,-1.0798302597770506
2015-04-15,-0.8063297019593594
2015-04-16,-1.2479780204517161
2015-04-17,0.15784644461014394
2015-04-20,-0.6204713296063213
2015-04-21,0.2721487055564311
2015-04-22,-0.37258510080179885
2015-04-23,-0.6049947426486065
2015-04-24,-0.35994864242598207
2015-04-27,-0.7019454486338811
2015-04-28,-0.7251068053664185
2015-04-29,-1.849407573733854
2015-04-30,-0.5965922182201262
2015-05-01,-1.3652939874382664
2015-05-04,-0.17088059376296263
2015-05-05,-0.3164264176640558
2015-05-06,1.1297900199531963
2015-05-07,-1.8227294633632316
2015-05-08,-0.36916282138525847
2015-05-11,0.8718648258652377
2015-05-12,-2.0262513678467466
2015-05-13,-0.3142658063474471
2015-05-14,0.22948789716494036
2015-05-15,-0.05743741668445344
2015-05-18,0.025594827840749613
2015-05-19,-3.3763465784951854
2015-05-20,0.9473828590942336
2015-05-21,-1.59570973155334
2015-05-22,-0.04439258425758612
2015-05-26,-1.7334606004432558
2015-05-27,-0.5829158955941859
2015-05-28,0.38311345538289643
2015-05-29,1.4045107242284534
2015-06-01,-1.905801750175078
2015-06-02,-1.188376854430948
2015-06-03,0.20388326139830773
2015-06-04,-1.048672824369269
2015-06-05,-3.31305967581557
2015-06-08,1.9277788145958576
2015-06-09,-0.9023793251020535
2015-06-10,0.7507754394737244
2015-06-11,-0.3965692763160027
2015-06-12,-1.4169210740877758
2015-06-15,0.422017762047278
2015-06-16,0.5503195170753813
2015-06-17,0.0957630792737199
2015-06-18,-1.3005378122834739
2015-06-19,-0.19520822818553096
2015-06-22,-0.7160188052669941
2015-06-23,-1.384100470463012
2015-06-24,-0.5965909983571593
2015-06-25,-1.5953442150656716
2015-06-26,-2.292773040570175
2015-06-29,0.5557570241697322
2015-06-30,-0.4984546758139304
2015-07-01,-2.1012293280071
2015-07-02,-2.009716583402525
2015-07-06,1.775964531591908
2015-07-07,-0.22457934132691348
2015-07-08,-3.1177342911899673
2015-07-09,-0.2801839993501178
2015-07-10,0.27105354785558206
2015-07-13,-0.6830078511903984
2015-07-14,0.030460771113598295
2015-07-15,-0.027155514746165923
2015-07-16,-0.2708239770132291
2015-07-17,0.5795263086650714
2015-07-20,0.6419223945222403
2015-07-21,0.9209336747521318
2015-07-22,0.3183440054654121
2015-07-23,-1.3153158457418985
2015-07-24,-0.5510738971157229
2015-07-27,-1.4756036403600559
2015-07-28,-0.6969434622873881
2015-07-29,0.47643460446002417
2015-07-30,-1.4305104147823615
2015-07-31,0.05140948957648601
2015-08-03,-2.3518906597630274
2015-08-04,-0.2766847872461409
2015-08-05,-1.0980449653584632
2015-08-06,-1.1578181855111016
2015-08-07,-0.920948799802257
2015-08-10,0.2766312166058904
2015-08-11,-0.36721506793136627
2015-08-12,-1.9475049861415945
2015-08-13,-3.925935763156118
2015-08-14,0.20545918383491707
2015-08-17,-1.11879371497755
2015-08-18,0.025621389900269933
2015-08-19,0.5922942511107794
2015-08-20,1.061513008184733
2015-08-21,-3.16873643703122
2015-08-24,-1.9296736352526127
2015-08-25,-0.17535862965380347
2015-08-26,0.5344941264581105
2015-08-27,-2.5161337735334817
2015-08-28,-0.3265562190399815
2015-08-31,1.2151342879935325
2015-09-01,-1.1343454781344497
2015-09-02,0.9140554779567769
2015-09-03,2.9047346692156384
2015-09-04,-0.7648687738934702
2015-09-08,0.92811363399881
2015-09-09,-0.9087150632523723
2015-09-10,-1.3168373205904202
2015-09-11,0.5310316132066709
2015-09-14,0.41047415608400273
2015-09-15,0.44407340250672017
2015-09-16,-0.13936827123869
2015-09-17,0.6989684880086223
2015-09-18,-0.9997613278111042
2015-09-21,-0.33999328413308133
2015-09-22,-1.945587874194124
2015-09-23,-1.55477445422839
2015-09-24,0.08969403506524885
2015-09-25,-0.7418436181755803
2015-09-28,-0.30083905033499053
2015-09-29,-0.7178264180367516
2015-09-30,-3.7704772846419283
2015-10-01,-0.3813665257175993
2015-10-02,-6.615116377323998
2015-10-05,-0.46524939470879995
2015-10-06,1.376283220513868
2015-10-07,-2.8091066181227395
2015-10-08,-0.8842336081725108
2015-10-09,0.1071598240822169
2015-10-12,-1.0664217006841126
2015-10-13,1.8376245745737172
2015-10-14,-1.95040716149813
2015-10-15,3.6181248054284496
2015-10-16,-0.4686722193380665
2015-10-19,-0.4085145992870763
2015-10-20,0.3519435993080298
2015-10-21,-1.061367643427752
2015-10-22,0.5934142403245519
2015-10-23,0.9069857557279865
2015-10-26,-0.08555919093259606
2015-10-27,0.4090336325662973
2015-10-28,-0.2283190014435558
2015-10-29,-0.9363417219887273
2015-10-30,0.35252794380419383
2015-11-02,-0.28145474784802277
2015-11-03,-0.016190134776837478
2015-11-04,-0.20903504825865699
2015-11-05,-1.2814981455079975
2015-11-06,-0.44450156508881594
2015-11-09,0.4551265093142957
2015-11-10,-0.9668337064153074
2015-11-11,-0.42252035871512783
2015-11-12,-0.8183426158131991
2015-11-13,-0.039273973840591433
2015-11-16,-4.501346475315528
2015-11-17,-0.4218999715652444
2015-11-18,0.525935810035667
2015-11-19,-1.691817268252217
2015-11-20,-2.1605942558490647
2015-11-23,-1.4941038330142615
2015-11-24,-0.7730575977528621
2015-11-25,-0.3680947239420175
2015-11-27,-1.6472773003036398
2015-11-30,1.7529890655523301
2015-12-01,-1.4203082753029561
2015-12-02,-0.3992278125424653
2015-12-03,0.21642262687241284
2015-12-04,0.6814828180935665
2015-12-07,-2.2952570526726976
2015-12-08,-0.7016345959349795
2015-12-09,-1.4522012783645604
2015-12-10,-0.9008552180333341
2015-12-11,-1.6928782143033034
2015-12-14,-0.3824222178856383
2015-12-15,0.7451427010604097
2015-12-16,-0.7872521441509505
2015-12-17,-1.6040450056526647
2015-12-18,-0.6652565676634905
2015-12-21,-2.636928483285335
2015-12-22,-0.9414258726463938
2015-12-23,-0.1212899660435963
2015-12-24,0.6023317135019752
2015-12-28,-1.1631981216286293
2015-12-29,0.938145207137128
2015-12-30,-0.04275016286537031
2015-12-31,1.042374731135448
2016-01-04,0.3605453466446052
2016-01-05,-1.077757003856417
2016-01-06,-0.23541111184417063
2016-01-07,-0.7719677800791187
2016-01-08,-0.5673546764183821
2016-01-11,-3.1138091345143204
2016-01-12,-2.948675406788301
2016-01-13,-1.568853013126075
2016-01-14,0.862217013890696
2016-01-15,1.6091625435658927
2016-01-19,1.35819167072224
2016-01-20,-1.1888426503812206
2016-01-21,1.849389419111676
2016-01-22,0.5339737183463796
2016-01-25,0.18133006458908207
2016-01-26,0.218119319598136
2016-01-27,0.7502194638865253
2016-01-28,-0.6099062728202029
2016-01-29,0.9012870031052972
2016-02-01,0.4207260148612305
2016-02-02,0.45198376239106985
2016-02-03,-0.4214262062560045
2016-02-04,-1.1982076369628598
2016-02-05,0.342258931222991
2016-02-08,2.951272164028039
2016-02-09,-0.41158909837333885
2016-02-10,0.1334290883410112
2016-02-11,-0.20469881230764375
2016-02-12,0.3876204269051244
2016-02-16,-0.7583011661590988
2016-02-17,1.0311456281387088
2016-02-18,-1.3706890775963247
2016-02-19,-0.8035360794988143
2016-02-22,-1.256475604017411
2016-02-23,-0.9586822893054414
2016-02-24,-0.6952595361304172
2016-02-25,-0.35435630915214167
2016-02-26,-0.9846273588087165
2016-02-29,-1.2302751509670515
2016-03-01,0.8136769359320376
2016-03-02,-0.20728277269688408
2016-03-03,-0.9076414853890619
2016-03-04,-0.4148830445174692
2016-03-07,-1.0374151745525275
2016-03-08,1.1538071710350677
2016-03-09,1.48497698729768
2016-03-10,0.12032500019995006
2016-03-11,-0.6306506226700114
2016-03-14,-0.5616654782002198
2016-03-15,-1.8622600216328895
2016-03-16,0.31389221801690076
2016-03-17,-0.055160916188932575
2016-03-18,-2.5780857988314505
2016-03-21,-0.9080866564121266
2016-03-22,-0.19923484048088747
2016-03-23,1.88813309049216
2016-03-24,-1.5492565112767764
2016-03-28,-0.8189170140344876
2016-03-29,1.7013518748768903
2016-03-30,0.6037154461002081
2016-03-31,-1.8700652676533531
2016-04-01,0.13378177049277107
2016-04-04,-1.200082737058586
2016-04-05,-1.0107895960693913
2016-04-06,-0.16961503469445816
2016-04-07,-0.16390196546270658
2016-04-08,-1.1796455436962303
2016-04-11,0.09855052236566875
2016-04-12,-0.022014132104243696
2016-04-13,-0.7901211509245002
2016-04-14,0.07266805671410229
2016-04-15,-0.16703662401903988
2016-04-18,0.2689749897604301
2016-04-19,0.4411216704853007
2016-04-20,-0.6763995115972105
2016-04-21,-0.6362991377540622
2016-04-22,-2.0312208016036024
2016-04-25,0.9662740771029398
2016-04-26,0.39534748537894643
2016-04-27,1.0632932479685449
2016-04-28,-1.425451692477269
2016-04-29,-0.8237579916081609
2016-05-02,-1.5858496343413542
2016-05-03,-0.37340850953550225
2016-05-04,-0.1643255553560701
2016-05-05,-2.8227248798447713
2016-05-06,-0.794668163376759
2016-05-09,-0.6356210951480591
2016-05-10,-1.471212313613395
2016-05-11,-1.126847365839113
2016-05-12,0.20473459770299648
2016-05-13,-1.105959036902066
2016-05-16,-1.1233898665817477
2016-05-17,-1.4492576284777823
2016-05-18,1.2259173108848083
2016-05-19,0.6336596128336044
2016-05-20,0.7919788995948752
2016-05-23,1.2752772538912553
2016-05-24,-0.05725015205839028
2016-05-25,-0.825825174821175
2016-05-26,-0.10747835338050953
2016-05-27,1.129857116951773
2016-05-31,0.9144588157215945
2016-06-01,0.1494214867349283
2016-06-02,0.9672778602834043
2016-06-03,0.7089098003012905
2016-06-06,1.476146010002077
2016-06-07,1.0235127374351691
2016-06-08,0.9835369297926002
2016-06-09,0.48006266071043413
2016-06-10,-0.4788721845811303
2016-06-13,-0.6131034888753534
2016-06-14,0.90528101398351
2016-06-15,0.9038614968091182
2016-06-16,0.6611463358040196
2016-06-17,-0.7881423163188438
2016-06-20,-1.2493049797783378
2016-06-21,-0.5349894275252397
2016-06-22,-1.6831276168887923
2016-06-23,-2.3315819253770798
2016-06-24,0.5556708489076034
2016-06-27,1.1878221015864077
2016-06-28,-0.7053941708484531
2016-06-29,0.1865343497006985
2016-06-30,2.0237510282103934
2016-07-01,1.0062337347185109
2016-07-05,0.242901039078577
2016-07-06,-1.3976448963841068
2016-07-07,-0.007483330179280823
2016-07-08,0.9078286143574685
2016-07-11,0.5276374235162405
2016-07-12,-1.3696999292566912
2016-07-13,0.14440885117531735
2016-07-14,0.7159239941434247
2016-07-15,0.406532963878167
2016-07-18,1.082515063845618
2016-07-19,0.46816750161835663
2016-07-20,0.2081688735908897
2016-07-21,0.39281603355467964
2016-07-22,-0.513805016779936
2016-07-25,0.10480424202311069
2016-07-26,-0.3880658941445417
2016-07-27,1.1540130029028541
2016-07-28,0.40848977191383445
2016-07-29,-0.7104608886022711
2016-08-01,-0.7138131009607532
2016-08-02,0.047892277108833085
2016-08-03,0.5700200683917057
2016-08-04,0.4987622711742119
2016-08-05,-0.021457241599577334
2016-08-08,-0.5205155554776808
2016-08-09,0.04800001309792198
2016-08-10,-0.47530072368211423
2016-08-11,0.9246974907380173
2016-08-12,0.11269119385545336
2016-08-15,1.3978077876565467
2016-08-16,-0.8258118959893201
2016-08-17,-0.527860166139076
2016-08-18,1.2156157336562332
2016-08-19,1.0608319198583844
2016-08-22,0.20160247770406825
2016-08-23,0.42185375743094117
2016-08-24,0.4421673480310792
2016-08-25,-1.8569542636113505
2016-08-26,-0.023474066294408718
2016-08-29,0.2638267120076652
2016-08-30,0.6681331313611008
2016-08-31,-1.7605001634504605
2016-09-01,-3.938482058460862
2016-09-02,0.09452897692017
2016-09-06,-0.08621432510038783
2016-09-07,1.0097831943793483
2016-09-08,0.02011004635901546
2016-09-09,1.8232208740849434
2016-09-12,0.4128229171727176
2016-09-13,0.5108357504608126
2016-09-14,-0.7969422078638233
2016-09-15,0.03617602002325474
2016-09-16,-0.4481172157496535
2016-09-19,-2.0706992775864554
2016-09-20,3.0533336955017463
2016-09-21,-0.5037348132368334
2016-09-22,0.4820565034311923
2016-09-23,0.07257521722494743
2016-09-26,1.9518184534226977
2016-09-27,0.6760038066099763
2016-09-28,0.3896525610483524
2016-09-29,2.6924535000920056
2016-09-30,0.7142444482177777
2016-10-03,-0.36862940496004637
2016-10-04,0.22159072275742075
2016-10-05,-0.6698853791368439
2016-10-06,0.05601445848588672
2016-10-07,0.3735580991764442
2016-10-10,-0.49024350872870404
2016-10-11,0.6071055082294405
2016-10-12,-0.10276387311425328
2016-10-13,2.2621050954038613
2016-10-14,1.376574209955399
2016-10-17,0.7860648808773438
2016-10-18,0.5052722683070826
2016-10-19,1.9126248178523566
2016-10-20,0.724989854434222
2016-10-21,-0.511146448138731
2016-10-24,1.8404951150586366
2016-10-25,-0.11540766822639892
2016-10-26,-1.641663684305328
2016-10-27,-0.22846949232121783
2016-10-28,0.1601297261773343
2016-10-31,1.185178541925263
2016-11-01,-0.6508786563758162
2016-11-02,0.7850989075980855
2016-11-03,-0.7926511428929353
2016-11-04,-0.6539150335136074
2016-11-07,-1.3522809830600107
2016-11-08,2.060690322318024
2016-11-09,0.02131794417936415
2016-11-10,2.46502411967037
2016-11-11,1.7879202893136554
2016-11-14,-0.1470416414551268
2016-11-15,0.4647345619605925
2016-11-16,1.206832526636264
2016-11-17,0.8673993808403291
2016-11-18,1.2440172254083883
2016-11-21,-1.2864895940467387
2016-11-22,0.9764420362105466
2016-11-23,0.3228462314942077
2016-11-25,-0.03587985818862516
2016-11-28,-1.2221527822894394
2016-11-29,-0.02428798433103123
2016-11-30,-0.45130063590382513
2016-12-01,0.7367748559056492
2016-12-02,-0.04901808365975676
2016-12-05,-1.044726059922511
2016-12-06,0.05651810382677566
2016-12-07,-0.3577319727649047
2016-12-08,0.24721921680084483
2016-12-09,-0.21139300124828256
2016-12-12,0.9439801372574911
2016-12-13,0.8875137091553154
2016-12-14,0.16387760950814473
2016-12-15,-0.028898692265055932
2016-12-16,-2.551445983318758
2016-12-19,-0.33193708953397
2016-12-20,-0.10539719811299866
2016-12-21,-0.6439627111112437
2016-12-22,0.7566259292272504
2016-12-23,-1.4253447699477835
2016-12-27,0.832727875661625
2016-12-28,0.4665566749881025
2016-12-29,-1.2799247948218424
2016-12-30,0.0892739610466377
2017-01-03,1.5447291419161668
2017-01-04,0.16757188934692882
2017-01-05,-0.9169811020592074
2017-01-06,-0.02969510488657071
2017-01-09,0.9634530392202142
2017-01-10,0.256009198363766
2017-01-11,-0.721769554920619
2017-01-12,0.7702480615225722
2017-01-13,0.00244514786765987
2017-01-17,0.3488983759279517
2017-01-18,-1.342022245342045
2017-01-19,1.016451143691355
2017-01-20,-0.07883596761397177
2017-01-23,0.47997093873421565
2017-01-24,1.8364530991274841
2017-01-25,0.6030628890190217
2017-01-26,0.08749973130562275
2017-01-27,0.7941556857714221
2017-01-30,-0.40522891595739857
2017-01-31,0.3526008733769191
2017-02-01,0.5855568090628626
2017-02-02,-0.3088127095895328
2017-02-03,0.49786621683045024
2017-02-06,1.0517141279099151
2017-02-07,0.05217620395371625
2017-02-08,-0.6666500811685717
2017-02-09,1.5274152179382263
2017-02-10,-0.9394808766784151
2017-02-13,-0.5134041146594999
2017-02-14,0.19095970888941136
2017-02-15,0.0463000192281421
2017-02-16,0.16369149227755475
2017-02-17,-1.210182856581761
2017-02-21,-0.11017689451357973
2017-02-22,-3.275635217401657
2017-02-23,-0.5400527319731079
2017-02-24,1.0827062340909483
2017-02-27,0.38135100989998
2017-02-28,0.7886184129831941
2017-03-01,-0.3900520171633239
2017-03-02,1.8953830729759313
2017-03-03,-1.4741960490789805
2017-03-06,2.2112584165725084
2017-03-07,-0.4927849182772219
2017-03-08,1.0534657013004345
2017-03-09,-1.4394868432070755
2017-03-10,-0.7707515663386814
2017-03-13,0.3120730825867961
2017-03-14,0.6698672107550991
2017-03-15,-0.3366189374485323
2017-03-16,0.6067183440688494
2017-03-17,-2.6483664421637774
2017-03-20,0.0864569226926054
2017-03-21,-1.1046586108626135
2017-03-22,0.8114236797819943
2017-03-23,-1.145827856170867
2017-03-24,-1.3189554433847972
2017-03-27,0.11681214670441915
2017-03-28,0.9990869795335477
2017-03-29,-0.3474034973900701
2017-03-30,-2.1855831119964275
2017-03-31,-1.9906828577141393
2017-04-03,-1.9358792167963121
2017-04-04,-2.007259254273238
2017-04-05,-1.1722361659274052
2017-04-06,0.12122250091447452
2017-04-07,-1.0273089489760443
2017-04-10,-0.7094322653564221
2017-04-11,-0.3674831868022433
2017-04-12,-0.8991114780829552
2017-04-13,0.3804994466537061
2017-04-17,0.0886547715464353
2017-04-18,0.5528486381822968
2017-04-19,0.0483889955996614
2017-04-20,1.0983587879105334
2017-04-21,2.0178961847752337
2017-04-24,-0.6560754658200478
2017-04-25,-1.0164402863607085
2017-04-26,-0.898851132531851
2017-04-27,-1.247685848398982
2017-04-28,-2.115944030050338
2017-05-01,-1.5213520575515356
2017-05-02,-2.8941667936546325
2017-05-03,0.47322921868001905
2017-05-04,-2.5557828718733613
2017-05-05,0.3165787358754556
2017-05-08,0.5518717792952947
2017-05-09,1.261945587697699
2017-05-10,0.945111820416185
2017-05-11,0.6107082922142458
2017-05-12,0.027551858147820792
2017-05-15,-0.39938448000054017
2017-05-16,-2.3795218590946745
2017-05-17,-0.8517491174506779
2017-05-18,-1.0652011245079256
2017-05-19,0.9614576743145774
2017-05-22,-1.2376777859945098
2017-05-23,0.16008838601035688
2017-05-24,-0.30712683538648594
2017-05-25,0.305999593433763
2017-05-26,-2.2002056675997492
2017-05-30,-0.1985402015170728
2017-05-31,1.84312475503147
2017-06-01,0.7670839527547076
2017-06-02,-2.5119743769543144
2017-06-05,0.8444582843253386
2017-06-06,-0.43568833279178415
2017-06-07,1.0356924995215306
2017-06-08,-2.561728946358925
2017-06-09,-3.2717227578598544
2017-06-12,-2.687488756857083
2017-06-13,-0.061437870915139935
2017-06-14,-5.9752487682162085
2017-06-15,2.6799510327049805
2017-06-16,-2.207649459971278
2017-06-19,-0.26711246956828705
2017-06-20,-0.8848732528770249
2017-06-21,0.025550884879863796
2017-06-22,-0.6503877604516204
2017-06-23,-0.8471151035553832
2017-06-26,0.34673103559811874
2017-06-27,0.8045615002663827
2017-06-28,0.44389476720920296
2017-06-29,-0.4272155806001341
2017-06-30,-1.032614814170695
2017-07-03,-1.0519804072003658
2017-07-05,0.056209138865192236
2017-07-06,0.21048184635532846
2017-07-07,-1.6171692075783324
2017-07-10,-3.6484515497586907
2017-07-11,-0.9260925607965027
2017-07-12,-1.504574922844263
2017-07-13,-1.3436725269450813
2017-07-14,1.7377079846051322
2017-07-17,-1.479155178589476
2017-07-18,-1.5863861190984776
2017-07-19,-1.0751444416431954
2017-07-20,-1.6159024918304505
2017-07-21,-0.7141527275061745
2017-07-24,-0.39887744148027754
2017-07-25,-0.8884121988383415
2017-07-26,-0.2803539244386906
2017-07-27,1.1444119549471832
2017-07-28,-0.1286103766116614
2017-07-31,0.12867603208255562
2017-08-01,-0.2484074352785213
2017-08-02,0.1654040098282552
2017-08-03,-1.2408933704021976
2017-08-04,-1.4074345633285883
2017-08-07,-0.9581686238356565
2017-08-08,-1.0851131888646088
2017-08-09,-0.7651687642744567
2017-08-10,-1.5184683843580036
2017-08-11,-1.0967809198754341
2017-08-14,-1.623135839799517
2017-08-15,-3.7449591115775873
2017-08-16,-1.5093068535767518
2017-08-17,-1.9506059724320515
2017-08-18,-2.6722500693439644
2017-08-21,-1.3774798308263632
2017-08-22,-0.22989738413146538
2017-08-23,-1.8970770268614445
2017-08-24,-2.181865929759052
2017-08-25,-2.513486811193666
2017-08-28,-2.6479721865402794
2017-08-29,-1.0725560746813132
2017-08-30,0.37803071880737493
2017-08-31,1.200366815098249
2017-09-01,0.10775897759629806
2017-09-05,-0.27802924628028974
2017-09-06,-2.0184724392116884
2017-09-07,0.22265122594405812
2017-09-08,-0.564074163877657
2017-09-11,-0.33826897556107915
2017-09-12,-0.4002899466206435
2017-09-13,-2.17650612669363
2017-09-14,-1.4005787393816853
2017-09-15,-1.6039049132540868
2017-09-18,-0.00969709952888997
2017-09-19,-1.056576140880476
2017-09-20,-0.5211338148025872
2017-09-21,-0.04058589512188447
2017-09-22,0.4135740649062013
2017-09-25,-1.3294160995216056
2017-09-26,-0.03753581851862207
2017-09-27,-1.3222432300262357
2017-09-28,-0.6777673826330164
2017-09-29,-2.4050544637635936
2017-10-02,-0.9716764543327774
2017-10-03,-0.4335893923502161
2017-10-04,-0.5796956592689068
2017-10-05,-1.5684279214339716
2017-10-06,-1.8668654373057483
2017-10-09,-0.2840603476328656
2017-10-10,-1.2328497977187838
2017-10-11,-0.20817626171449982
2017-10-12,-1.2862527846657796
2017-10-13,-0.06366196069762939
2017-10-16,-1.0072771725641074
2017-10-17,-1.9626555889653878
2017-10-18,-0.409318912976958
2017-10-19,-0.9428188350736877
2017-10-20,-0.013222223898016952
2017-10-23,-1.09122317947071
2017-10-24,-0.03472684683885406
2017-10-25,-2.3587373222346546
2017-10-26,-1.6460116935671263
2017-10-27,-0.4828302862929523
2017-10-30,0.4959391738570102
2017-10-31,-0.8236654367107958
2017-11-01,1.0675915886206806
2017-11-02,0.08988483406833231
2017-11-03,0.003602285387578525
2017-11-06,-1.2186496092382315
2017-11-07,-0.16425870133930062
2017-11-08,0.25273142627860906
2017-11-09,-0.18588993868597103
2017-11-10,0.42303375569782237
2017-11-13,-0.0038192349676473233
2017-11-14,-0.28567601338738063
2017-11-15,-1.3419876956913188
2017-11-16,0.08546764004917842
2017-11-17,0.3248868433757941
2017-11-20,1.407761809500588
2017-11-21,-4.599904808787114
2017-11-22,-0.6780073443781646
2017-11-24,-0.20975969151954624
2017-11-27,-1.287856410664849
2017-11-28,-0.4639186025403168
2017-11-29,-1.6427453151858744
2017-11-30,-0.21288983706072614
2017-12-01,-0.8172538015228245
2017-12-04,-0.6974413918382286
2017-12-05,0.4309779390900692
2017-12-06,-0.5404537563423105
2017-12-07,-1.21847758024339
2017-12-08,0.014042840083776757
2017-12-11,-0.8492937589792037
2017-12-12,-0.7023050986612902
2017-12-13,-1.4147616238407767
2017-12-14,1.5673017469008224
2017-12-15,-2.4586210749428967
2017-12-18,-1.9781828243758772
2017-12-19,-0.3955655206140861
2017-12-20,-2.2203460582819567
2017-12-21,-2.7643696017655146
2017-12-22,-0.8487979437111113
2017-12-26,0.7889398085355188
2017-12-27,-0.3833776697075404
2017-12-28,-2.206829236456613
2017-12-29,-0.38583822794802114
2018-01-02,-0.8667415153191174
2018-01-03,0.104799546882395
2018-01-04,-0.47727729249140194
2018-01-05,-0.6908197340125223
2018-01-08,-2.0562670025769174
2018-01-09,0.5972940602299228
2018-01-10,-1.706272337679816
2018-01-11,-0.49327956062300404
2018-01-12,-2.853838443052352
2018-01-16,-1.1205191579481861
2018-01-17,-2.057068588436658
2018-01-18,-1.3677242030546077
2018-01-19,-0.6885324950145457
2018-01-22,-1.1792910845953481
2018-01-23,-2.5038037332821803
2018-01-24,-1.0594549987394695
2018-01-25,-2.7170489882384037
2018-01-26,-1.7309796470431857
2018-01-29,-1.6601985281535643
2018-01-30,0.8181956745928155
2018-01-31,-0.39091847397269697
2018-02-01,-0.9148118770789364
2018-02-02,0.0028917498681766607
2018-02-05,1.698615083839515
2018-02-06,-2.2491317353234974
2018-02-07,0.9585137077544967
2018-02-08,4.627006933847808
2018-02-09,-2.076802356811408
2018-02-12,0.02453299934411999
2018-02-13,1.8840714694886493
2018-02-14,-0.8201984929200109
2018-02-15,1.6387183740196682
2018-02-16,0.7599298395639619
2018-02-20,-0.4883235396997328
2018-02-21,3.8681712837021576
2018-02-22,1.34931401799486
2018-02-23,-0.21096190485062016
2018-02-26,-0.28167614987412926
2018-02-27,1.1664497289664355
2018-02-28,1.2577517888356162
2018-03-01,-0.07957856578133575
2018-03-02,0.2632644560557894
2018-03-05,-2.0433962504615995
2018-03-06,-2.376283813158489
2018-03-07,-0.6056520417785183
2018-03-08,1.480228875996758
2018-03-09,-0.3190923145825167
2018-03-12,-0.2253352409683403
2018-03-13,-2.1377096070541253
2018-03-14,1.5215882025385155
2018-03-15,-0.11837947750355021
2018-03-16,-2.1852266000583893
2018-03-19,-1.9016259851771522
2018-03-20,0.03185755233021614
2018-03-21,-0.5898170165976346
2018-03-22,1.4451322255536017
2018-03-23,-0.6286838443939315
2018-03-26,0.2516708587551121
2018-03-27,0.7204398144399493
2018-03-28,-0.7251882486507154
2018-03-29,-3.7356909276448524
2018-04-02,-2.5199259178017663
2018-04-03,-0.32263046815485075
2018-04-04,0.45125000577340824
2018-04-05,-0.4156280513330404
2018-04-06,0.1276018880065578
2018-04-09,-0.4900777828575058
2018-04-10,0.9426537030653411
2018-04-11,-1.7134396082771262
2018-04-12,-0.700964330510032
2018-04-13,-1.522388408210854
2018-04-16,-0.20147967690091834
2018-04-17,-1.1228739436317936
2018-04-18,1.136394236837726
2018-04-19,-1.7557871384453967
2018-04-20,-1.5519044777110536
2018-04-23,-0.6113909708809083
2018-04-24,-0.7140438728380625
2018-04-25,0.05093176522349937
2018-04-26,1.2171207872126202
2018-04-27,1.178056576818773
2018-04-30,-1.7169000313042093
2018-05-01,-0.8789134916199486
2018-05-02,-0.014026082024610488
2018-05-03,0.8188656495844964
2018-05-04,-2.1035758217468907
2018-05-07,0.5513931965799762
2018-05-08,0.14700172174914636
2018-05-09,-0.7908499963157234
2018-05-10,1.1645708624213786
2018-05-11,1.3135911995404677
2018-05-14,-0.5161216285276455
2018-05-15,0.29654534721839754
2018-05-16,1.1056311860606898
2018-05-17,0.5857846572803072
2018-05-18,0.8495836411596568
2018-05-21,2.000160155332509
2018-05-22,1.5963831101222594
2018-05-23,0.4743349440771696
2018-05-24,1.2509577819008675
2018-05-25,1.9170300171009578
2018-05-29,2.0674636538700515
2018-05-30,-0.8817788209687324
2018-05-31,0.6926843199953333
2018-06-01,-1.5144893349439148
2018-06-04,0.5582025277988255
2018-06-05,-0.04234598046955726
2018-06-06,-1.82421198571957
2018-06-07,0.3466654038082081
2018-06-08,-0.5833031703403567
2018-06-11,1.9516162894328897
2018-06-12,0.8091545482546961
2018-06-13,-1.1489777645070471
2018-06-14,-0.005436993741047463
2018-06-15,0.9237070486531486
2018-06-18,-1.5693208689308926
2018-06-19,1.280394314082975
2018-06-20,0.3213895277706007
2018-06-21,0.7506483646005956
2018-06-22,3.7280332533284914
2018-06-25,0.9125942735017959
2018-06-26,0.9847585953704099
2018-06-27,-0.10641878962347733
2018-06-28,-0.11045637578332317
2018-06-29,-0.4185034663664737
2018-07-02,0.9575797929884244
2018-07-03,-0.22051449687555205
2018-07-05,-1.0002778825717
2018-07-06,-1.7195452339844777
2018-07-09,-0.6651160995011313
2018-07-10,0.5700478394791773
2018-07-11,-0.5096655190117549
2018-07-12,-1.0633449288669106
2018-07-13,-1.2155707585253461
2018-07-16,-0.1379916561172708
2018-07-17,-0.8125443887649254
2018-07-18,0.47511559127003705
2018-07-19,0.251083448103735
2018-07-20,-0.8908949030391552
2018-07-23,-0.793828418017031
2018-07-24,-0.21491677395649658
2018-07-25,-0.9060220168505444
2018-07-26,-1.4832768002530785
2018-07-27,-1.606113261145529
2018-07-30,-0.06340924755793557
2018-07-31,-0.4046236695878504
2018-08-01,-0.18785395397824084
2018-08-02,-1.1939842469590702
2018-08-03,-0.63709909020246
2018-08-06,0.23485877066053668
2018-08-07,0.35526999810632176
2018-08-08,-1.2873044784418906
2018-08-09,-0.8922511852870553
2018-08-10,-2.3487939222900076
2018-08-13,-0.7801804316573456
2018-08-14,0.5676853840965577
2018-08-15,0.45753692956829106
2018-08-16,-1.3573897779627935
2018-08-17,-1.3431794676958368
2018-08-20,-0.572492614486305
2018-08-21,-0.8133533795760365
2018-08-22,0.07664699270688796
2018-08-23,-1.0450579858053204
2018-08-24,0.1267838800296988
2018-08-27,-0.5787167422743731
2018-08-28,-0.24732074820582947
2018-08-29,-1.0574761816473583
2018-08-30,-0.3704384478033541
2018-08-31,-0.6115254191538091
2018-09-04,-1.3290353396701726
2018-09-05,-0.8744412435654216
2018-09-06,-0.6563561133259609
2018-09-07,0.15790549344070084
2018-09-10,-0.41616816442891247
2018-09-11,-2.202820905344673
2018-09-12,0.4789056944463251
2018-09-13,-1.9167875679361008
2018-09-14,-0.5462732322372851
2018-09-17,-0.8536503317632347
2018-09-18,-1.5205362864088476
2018-09-19,-1.1095216139340822
2018-09-20,-1.777300199602318
2018-09-21,-1.9135905576887682
2018-09-24,-0.8182070042435026
2018-09-25,-1.1408480192675534
2018-09-26,-0.15902235286500452
2018-09-27,-0.1137654496690028
2018-09-28,-0.17818675636604073
2018-10-01,-1.6372444457929949
2018-10-02,-1.1128610159754846
2018-10-03,-1.1531591653253546
2018-10-04,-0.7611339865023209
2018-10-05,-0.4503715343587524
2018-10-08,-0.4399257610419529
2018-10-09,-1.6990256330591555
2018-10-10,0.3904313442949131
2018-10-11,-1.1378713713646866
2018-10-12,1.5011414147515922
2018-10-15,0.3016525725337991
2018-10-16,-0.007199697185097452
2018-10-17,-1.2791943866751068
2018-10-18,-0.5457810877593282
2018-10-19,-0.3563350251353151
2018-10-22,-0.7378051734629909
2018-10-23,0.2697771449654741
2018-10-24,1.0683648197612885
2018-10-25,0.38805423965236074
2018-10-26,0.3113006658782246
2018-10-29,-0.3268064172067523
2018-10-30,-0.18512311466461984
2018-10-31,0.2093414778398793
2018-11-01,-0.19873096809487478
2018-11-02,-0.03139944140194986
2018-11-05,-1.1288460378444614
2018-11-06,-0.5097589599779613
2018-11-07,0.39163007354508833
2018-11-08,-0.44586607114899846
2018-11-09,0.11832708233499487
2018-11-12,1.1367706901323558
2018-11-13,-1.0522199064384627
2018-11-14,0.33850796758917057
2018-11-15,-0.3446195826443152
2018-11-16,-0.8289794310336147
2018-11-19,0.008378782446156573
2018-11-20,0.37982912030233634
2018-11-21,0.5291269164893966
2018-11-23,0.6268209454949605
2018-11-26,-0.6593859541108384
2018-11-27,-0.07784517295874727
2018-11-28,0.7773125951174881
2018-11-29,0.05080267863724656
2018-11-30,0.14579723126549282
2018-12-03,-0.03849948833109135
2018-12-04,-0.7443818941985865
2018-12-06,1.1015262156602241
2018-12-07,-0.34840434833804274
2018-12-10,-1.2186976847684465
2018-12-11,-0.48021574604135564
2018-12-12,0.4515148668760626
2018-12-13,-0.6229268633976183
2018-12-14,-0.08138962017608432
2018-12-17,-0.38410702165520855
2018-12-18,0.8894687056162731
2018-12-19,-1.226625804782632
2018-12-20,-1.5597354192421045
2018-12-21,-0.3025880721953061
2018-12-24,-0.3950515113625841
2018-12-26,0.8850636250850196
2018-12-27,0.5716860014313
2018-12-28,0.2637518674812085
2018-12-31,0.5966505423753078
2019-01-02,-0.2915670289254534
2019-01-03,-1.2504811578861306
2019-01-04,-0.11606544366008392
2019-01-07,-0.47689156044280934
2019-01-08,0.7668089944281555
2019-01-09,0.38177860353452886
2019-01-10,-0.5099415674699718
2019-01-11,-0.0357296171852388
2019-01-14,-0.4252968223534431
2019-01-15,0.9290821240866132
2019-01-16,0.40697278189720343
2019-01-17,0.08022039385240279
2019-01-18,0.5583670325407616
2019-01-22,-0.04168707236875871
2019-01-23,-0.14951510906460921
2019-01-24,0.06152258394223471
2019-01-25,0.10170529126925525
2019-01-28,1.070270965759592
2019-01-29,-0.6185773637698095
2019-01-30,-0.2967003357287161
2019-01-31,-0.04462855124783545
2019-02-01,-0.1487175930014672
2019-02-04,-0.9349604902514455
2019-02-05,-0.23217365291343234
2019-02-06,0.47339335617460515
2019-02-07,-0.24309883961798143
2019-02-08,0.5689421906648554
2019-02-11,-0.1129949271921029
2019-02-12,-0.054162655169580375
2019-02-13,-0.512612331765216
2019-02-14,-0.06052645807486244
2019-02-15,-0.23752037512583332
2019-02-19,0.5704988921207735
2019-02-20,-0.8655207135349383
2019-02-21,-0.8132931481715469
2019-02-22,0.05223817434089597
2019-02-25,-0.060239344830256725
2019-02-26,-0.5158290721697092
2019-02-27,0.5281713423281363
2019-02-28,-0.14035366313551753
2019-03-01,-1.2510092061962914
2019-03-04,-0.22913064088561802
2019-03-05,0.8021009827453517
2019-03-06,0.04224771945223938
2019-03-07,0.26648790387843707
2019-03-08,-0.13440206618345066
2019-03-11,-0.8404389297260573
2019-03-12,-0.5748306476370858
2019-03-13,0.31893398718132543
2019-03-14,0.5525690898792996
2019-03-15,0.4513035703844393
2019-03-18,-0.26311521315280684
2019-03-19,0.24200556539236612
2019-03-20,0.42891750381979105
2019-03-21,-0.27441557091080937
2019-03-22,-0.21162711786604246
2019-03-25,0.7042189276365532
2019-03-26,0.405062752092145
2019-03-27,-0.837440443152892
2019-03-28,0.8078572301535001
2019-03-29,-0.4938167657305702
2019-04-01,0.1978738714409167
2019-04-02,0.3434770369205342
2019-04-03,0.1034439847886959
2019-04-04,-0.31675383811709634
2019-04-05,-1.0296726640235643
2019-04-08,-0.5168292503174398
2019-04-09,-0.6608597409250285
2019-04-10,-1.2112209499671016
2019-04-11,-0.13525230996074883
2019-04-12,-0.6848408311213601
2019-04-15,-0.34619083520633825
2019-04-16,0.2908358492309497
2019-04-17,-1.279775103088434
2019-04-18,0.18716449568068583
2019-04-22,0.22224587765329293
2019-04-23,0.2324127601487501
2019-04-24,-0.26939830182638624
2019-04-25,-0.6672002355318797
2019-04-26,-0.32540539180023853
2019-04-29,-0.11537946056454448
2019-04-30,-0.531478482983338
2019-05-01,-0.5605744690541122
2019-05-02,-0.6244155022257559
2019-05-03,0.003522926798528205
2019-05-06,-0.14768600373387306
2019-05-07,-0.1693802918510092
2019-05-08,-1.2011831787871385
2019-05-09,0.6287235907587982
2019-05-10,-1.118152680485849
2019-05-13,0.06593116217586899
2019-05-14,0.7896949812656533
2019-05-15,0.4674498887431363
2019-05-16,1.2397302759735371
2019-05-17,1.154656455293251
2019-05-20,-0.9882140570331436
2019-05-21,0.41523136717967074
2019-05-22,-0.15503019739825377
2019-05-23,-0.042681992977531155
2019-05-24,0.2859857943956662
2019-05-28,-0.27630726032160746
2019-05-29,-0.7976870964066548
2019-05-30,0.9904647527249105
2019-05-31,0.21710907027724935
2019-06-03,0.9453166340027636
2019-06-04,0.6472278438580188
2019-06-05,-0.5364039749671845
2019-06-06,0.8662080092578599
2019-06-07,-0.18855703694775652
2019-06-10,-0.4167265229462469
2019-06-11,-0.19046671050094818
2019-06-12,0.04562918729786447
2019-06-13,-0.9665044432651418
2019-06-14,0.5037127885899352
2019-06-17,-1.0786310695722052
2019-06-18,0.3847561103238586
2019-06-19,-1.4961006692815049
2019-06-20,-0.029652574405401574
2019-06-21,-1.3797082484023253
2019-06-24,0.26904513508967887
2019-06-25,0.3562141916837794
2019-06-26,0.10801291581390078
2019-06-27,-0.04297564465768172
2019-06-28,-0.15362683952263273
2019-07-01,-0.138115783051208
2019-07-02,0.9644539920855777
2019-07-03,1.099393113455779
2019-07-05,0.9103776898026371
2019-07-08,-0.1704931294069909
2019-07-09,-0.10286512899542452
2019-07-10,-0.04302451763515207
2019-07-11,-0.062269505774674896
2019-07-12,-0.2144633685039071
2019-07-15,0.9936872219849979
2019-07-16,1.0667203267017167
2019-07-17,1.0155417520759757
2019-07-18,-0.7769818965798246
2019-07-19,0.5060151241039117
2019-07-22,0.3950949047266879
2019-07-23,0.7354592132605253
2019-07-24,1.1694430065061199
2019-07-25,-0.3451968836372333
2019-07-26,-0.6319782086540756
2019-07-29,0.11075481203831077
2019-07-30,0.029461490319886666
2019-07-31,0.42083183977279365
2019-08-01,0.2821804359888722
2019-08-02,-0.2070544785962388
2019-08-05,-1.588903034326143
2019-08-06,-0.429222611238912
2019-08-07,-2.078147518164131
2019-08-08,-0.2077199667378047
2019-08-09,-0.3992250725086741
2019-08-12,-0.1799627698429152
2019-08-13,-0.37166778839313414
2019-08-14,-0.17997180638256538
2019-08-15,-0.9746403371640147
2019-08-16,-1.0370990632668236
2019-08-19,-0.882005666477853
2019-08-20,-1.2127215362607653
2019-08-21,-1.220963267261515
2019-08-22,-0.19639686229630196
2019-08-23,-0.896914534746082
2019-08-26,-0.9903215046037582
2019-08-27,0.08713021664670108
2019-08-28,-0.7907998687838368
2019-08-29,-1.117482101244433
2019-08-30,-1.2422996340614945
2019-09-03,-0.04956595058265964
2019-09-04,-0.1193456246684869
2019-09-05,-0.8994820629897121
2019-09-06,-0.5122228642549989
2019-09-09,-1.496414657448457
2019-09-10,-1.8328003252059037
2019-09-11,-1.4355619870830607
2019-09-12,-0.7286979383088582
2019-09-13,-0.30119372859941845
2019-09-16,-1.0292909204602132
2019-09-17,-0.4985963731650719
2019-09-18,-1.0033831849908024
2019-09-19,-2.167819474379812
2019-09-20,-0.6139096193586945
2019-09-23,-0.2639516290403809
2019-09-24,-1.2097183064569805
2019-09-25,-1.1855809584378256
2019-09-26,-0.19672822847441457
2019-09-27,-0.8895751588080905
2019-09-30,-1.1705494959140612
2019-10-01,-0.007436949721632055
2019-10-02,-0.9467853677265871
2019-10-03,-1.9050272679831692
2019-10-04,-0.6148212111627475
2019-10-07,-1.2086953622035255
2019-10-08,-1.0584499505958702
2019-10-09,-0.933648836157716
2019-10-10,-0.8017115110104794
2019-10-11,-0.6196017816385736
2019-10-14,-1.2889121616265051
2019-10-15,0.30197145906595374
2019-10-16,-1.1447977326239365
2019-10-17,-0.770075008482928
2019-10-18,-0.09757334628544444
2019-10-21,-0.8430469089613917
2019-10-22,-0.8577220707071741
2019-10-23,-0.3086994718452719
2019-10-24,0.17941757724302052
2019-10-25,-1.1384026441450446
2019-10-28,-0.4845656376483329
2019-10-29,0.24740675997229672
2019-10-30,-0.9113291851458615
2019-10-31,-0.9125219706159174
2019-11-01,-0.23653659775342167
2019-11-04,-1.0725987277254803
2019-11-05,-0.9410098384484781
2019-11-06,-1.0331477471838306
2019-11-07,-0.024672020326572012
2019-11-08,-0.6465408724402237
2019-11-11,-1.839570722639116
2019-11-12,-1.3851070880946357
2019-11-13,-0.2845960736934819
2019-11-14,0.027439960026603764
2019-11-15,-0.5797326757761091
2019-11-18,-0.5529650544996495
2019-11-19,-1.2870963211803115
2019-11-20,-1.5553059410828558
2019-11-21,-1.7485568434484766
2019-11-22,-0.9634488698263227
2019-11-25,-0.42596960868358746
2019-11-26,-0.645197663290664
2019-11-27,-0.5807376245093901
2019-11-29,-1.4667681271408015
2019-12-02,-0.6149795362876666
2019-12-03,-0.8481874130173224
2019-12-04,-0.8385782207203504
2019-12-05,-0.9009367667186311
2019-12-06,-1.731122579560316
2019-12-09,-0.06701668733086233
2019-12-10,-2.471408836035987
2019-12-11,-1.1178594404635682
2019-12-12,-1.840835489935834
2019-12-13,0.03391054814610312
2019-12-16,-0.4509581697702841
2019-12-17,-0.6207491569610157
2019-12-18,0.5721802893778153
2019-12-19,-1.332307076944592
2019-12-20,0.24201640237310804
2019-12-23,0.9527780577306276
2019-12-24,0.7602166198372633
2019-12-26,1.592766457063709
2019-12-27,-0.32415329228057055
2019-12-30,0.3127563864473329
